device_id,timestamp,package_name,text,user_action,event_type
e5831d0c-0a0b-4a7e-a0f6-a8e12fb9a77e,2025-03-02 15:07:44,com.android.settings,"Press and hold Volume up and down keys for 3 seconds,AWARE-Light,AWARE is an Android's framework dedicated to infer, log and share mobile context information between mobile applications. Visit http://awareframework.com for details.,AWARE-Light shortcut",0,32
e5831d0c-0a0b-4a7e-a0f6-a8e12fb9a77e,2025-03-02 15:07:52,com.android.systemui,"bob,Device control,AWARE,16:07,Data collection active,Sun, 2 Mar,Media output,Display brightness",0,2048
e5831d0c-0a0b-4a7e-a0f6-a8e12fb9a77e,2025-03-02 15:08:16,com.android.chrome,"(7.44 MB) amazonaws.com,File downloaded,Open",0,2048
e5831d0c-0a0b-4a7e-a0f6-a8e12fb9a77e,2025-03-02 15:08:18,com.android.chrome,"BIO Maca v prahu, 500 g - FutuNatura.si,aware-light.org/downloads/,Downloads ‚Äì AWARE-Light,zelda hyrule bass - Google Search,botw heart container or stamina vessel - Google Search",0,2048
e5831d0c-0a0b-4a7e-a0f6-a8e12fb9a77e,2025-03-02 15:08:20,com.android.chrome,"Instagram,ü¶â: skoVir : vir skovikov :ü¶â,Search or type URL,Rail Vision Ltd. (RVSN) Stock Price, News, Quote & History - Yahoo Finance,Amazon.de: Low Prices in Electronics, Books, Sports Equipment & more,Discover,gmail,""Please make sure you are logged on to steam"" :: Palia General Discussions,ai stars icon,Zebra AI,Bolha,Facebook,rvsn stock,Stanovanje Oddaja Ljubljana okolica | NEPREMICNINE.net",0,2048
e5831d0c-0a0b-4a7e-a0f6-a8e12fb9a77e,2025-03-02 15:08:24,com.reddit.frontpage,"Learn More,1.2k comments,Or any procedures you‚Äôve found useful? It sounds like we both have brown skin as well,When did you get it done?,Please reconsider getting a chemical peel with your skin tone. Too big of a chance for something to go wrong that could cause hyperpigmentation and scaring. There are YouTube videos you can watch. Micro Needling is okay, but she didn‚Äôt do it correctly. You must also make sure to get a test of a new procedure done in an area on your body where the skin is similar like the back of your hand or underside of your wrist. That way you can see how your skin will react. I had some electrolysis done on my upper lip and that area was very sensitive and I scarred like you but with small holes where she used the needle. I had had it numerous times on my chin, but the upper lip is far more sensitive. I‚Äôm similar skin tone and I was afraid of hyperpigmentation as I can get it sometimes even from a raised pimple, but they did completely heal and lighten. I used a serum for hyperpigmentation as well which helped.,3.3k upvotes,Join the conversation,What‚Äôs the best serum for hyperpigmentation you‚Äôve found? I‚Äôve been trying loads of different ones, but the only thing that seems to really make a difference for me is the TO niacinamide. Looking for any recommendations you have for evening skin tone - I have a ton of hyperpigmentation from pimples as well.,r/Microneedling,I got it done 2 days ago. I wanted a chemical peel, but she requested micro needling instead. She was pressuring me into buying three sessions for 10% off. I‚Äôm glad I only agreed to one‚Ä¶. Never goin back there,That must have been painful! The person who did this just scratched lines in your face. It should be tiny holes as the needles goes up and down. I'm very very surprised the person didn't see this on the first scratch. I wonder did they have any idea what they were doing? Perhaps it was there first time. I would definitely get a refund and consider suing. Hopefully this won't leave any marks but even still it's incredibly bad practice. Either she did it on purpose or she literally has no idea what microneedling is.,2 more replies,Face after Microneedling ? Is it supposed to look like this?,sumologic.com",0,2048
e5831d0c-0a0b-4a7e-a0f6-a8e12fb9a77e,2025-03-02 15:08:38,com.reddit.frontpage,"You guys do know that you can be atheist without disrespecting other people‚Äôs religion right?,Also being in a country with a growing muslim population they are one of the most nicest and hospitable people I ever met so take your islamophobia elsewhere please.,r/PeterExplainsTheJoke,I think a reasoning is that women who are pregnant or on their period are exempted from fasting as their body is already depleted of nutrients at the time and they would need to maintain their energy",0,2048
e5831d0c-0a0b-4a7e-a0f6-a8e12fb9a77e,2025-03-02 15:08:42,com.reddit.frontpage,74 people are here,0,2048
e5831d0c-0a0b-4a7e-a0f6-a8e12fb9a77e,2025-03-02 15:08:44,com.reddit.frontpage,"Women menstruating are not required to fast.,This is basically it.,I thought any days you missed fasting had to be made up at the end of fasting period?,Reason: Religion.",0,2048
e5831d0c-0a0b-4a7e-a0f6-a8e12fb9a77e,2025-03-02 15:08:46,com.reddit.frontpage,"that's a personal choice,78 people are here",0,2048
e5831d0c-0a0b-4a7e-a0f6-a8e12fb9a77e,2025-03-02 15:08:48,com.reddit.frontpage,"76 people are here,Sucks that it‚Äôs not all a personal choice",0,2048
e5831d0c-0a0b-4a7e-a0f6-a8e12fb9a77e,2025-03-02 15:08:52,com.reddit.frontpage,"21.3k upvotes,It's like the old joke, if you go fishing with Lutherans make sure you bring two. If you only bring one he'll drink all your beer.,It is. A Muslim coworker would sneak off to McDonald's during Ramadan, and eat in her car instead of the break room, I suppose to avoid the judgement of the other Muslim. She had no problem eating in the break room when she was the only Muslim employee.,907 comments,77 people are here,Peter can you explain why you would want a period to last 3 times as long??",0,2048
e5831d0c-0a0b-4a7e-a0f6-a8e12fb9a77e,2025-03-02 15:08:58,com.reddit.frontpage,71 people are here,0,2048
e5831d0c-0a0b-4a7e-a0f6-a8e12fb9a77e,2025-03-02 15:09:02,com.reddit.frontpage,"It kind of is, considering the religion itself is a personal choice to follow",0,2048
e5831d0c-0a0b-4a7e-a0f6-a8e12fb9a77e,2025-03-02 15:09:04,com.reddit.frontpage,"Women don‚Äôt have to fast when they are having a period,During Ramadan, Muslim men and women (and some kids) fast from food, water, cussing, sex, and vices (like cigarettes)from sunrise to sunset every day for the month. There are exemptions to fasting such as age (too young/old), illness, and, for women, getting your period. When I was young, we would pray our periods would come so we didn't have to fast, and we weren't expected to. Sometimes, women pretend to have their period longer than they really do to avoid fasting. This is a long-standing joke between us women that we hope you get a long period to avoid fasting. Hope that helps.,ETA: When I answered a couple of comments, I stated it was because women are unclean, which is true. But it is also true that we are taught that it is a mercy from God also. My bad, for obvious reasons I forgot. There are plenty of Muslims here who have corrected me, but as I no longer have any respect for the faith I am ignoring their attempts to get me to debate. I defer to them for some clarifications as I am not interested in defending this religion. I was simply trying to answer the joke.,6 more replies,‚Ä¢ I think a reasoning is that women who are pregnant or on their period are exempted from fasting as their body is already depleted of nutrients at the time and they would need to maintain their energy,It‚Äôs funny you say this. A former coworker would always get moved to the night shift during Ramadan so he‚Äôd be sleeping during the day and from sunset to sunrise, he‚Äôd be awake and not having to fast.,That's the way yo do it, honestly. Although - and I don't know if this is actually true - I know my family elders and yhe elders of other families would say our fasting wouldn't count if we slept all day. But I would say I heard in the Middle East they really switch it around to be active at night. But, like I said, that's conjecture.",0,2048
e5831d0c-0a0b-4a7e-a0f6-a8e12fb9a77e,2025-03-02 15:09:06,com.reddit.frontpage,69 people are here,0,2048
e5831d0c-0a0b-4a7e-a0f6-a8e12fb9a77e,2025-03-02 15:09:08,com.reddit.frontpage,66 people are here,0,2048
e5831d0c-0a0b-4a7e-a0f6-a8e12fb9a77e,2025-03-02 15:09:10,com.reddit.frontpage,67 people are here,0,2048
e5831d0c-0a0b-4a7e-a0f6-a8e12fb9a77e,2025-03-02 15:09:18,com.reddit.frontpage,64 people are here,0,2048
e5831d0c-0a0b-4a7e-a0f6-a8e12fb9a77e,2025-03-02 15:09:20,com.reddit.frontpage,65 people are here,0,2048
e5831d0c-0a0b-4a7e-a0f6-a8e12fb9a77e,2025-03-02 15:09:22,com.reddit.frontpage,63 people are here,0,2048
e5831d0c-0a0b-4a7e-a0f6-a8e12fb9a77e,2025-03-02 15:09:30,com.reddit.frontpage,61 people are here,0,2048
e5831d0c-0a0b-4a7e-a0f6-a8e12fb9a77e,2025-03-02 15:09:34,com.reddit.frontpage,60 people are here,0,2048
e5831d0c-0a0b-4a7e-a0f6-a8e12fb9a77e,2025-03-02 15:09:36,com.reddit.frontpage,62 people are here,0,2048
e5831d0c-0a0b-4a7e-a0f6-a8e12fb9a77e,2025-03-02 15:09:40,com.reddit.frontpage,68 people are here,0,2048
e5831d0c-0a0b-4a7e-a0f6-a8e12fb9a77e,2025-03-02 15:09:44,com.reddit.frontpage,"My experience with middle eastern culture is that it‚Äôs generally active at night, not just during Ramadan. My theory is it‚Äôs too hot during the day to do stuff so I‚Äôve seen kids at the park at midnight.",0,2048
e5831d0c-0a0b-4a7e-a0f6-a8e12fb9a77e,2025-03-02 15:10:04,com.reddit.frontpage,"I mean its similar in Spain.,Its common even on weeknights for the streets to be filled with people at 10pm-midnight, because in the afternoon its just too hot to do anything.",0,2048
e5831d0c-0a0b-4a7e-a0f6-a8e12fb9a77e,2025-03-02 15:10:08,com.reddit.frontpage,"‚Ä¢ During Ramadan, Muslim men and women (and some kids) fast from food, water, cussing, sex, and vices (like cigarettes)from sunrise to sunset every day for the month. There are exemptions to fasting suc",0,2048
e5831d0c-0a0b-4a7e-a0f6-a8e12fb9a77e,2025-03-02 15:10:10,com.android.systemui,"Clear,16:10",0,2048
e5831d0c-0a0b-4a7e-a0f6-a8e12fb9a77e,2025-03-02 15:10:48,com.android.systemui,"2 /90,214 /6,000,Ljubljana,7 /500,11¬∞",0,32
e5831d0c-0a0b-4a7e-a0f6-a8e12fb9a77e,2025-03-02 15:11:42,com.android.systemui,"Edita D≈æubur,11,Sun, 2 March,16",0,2048
e5831d0c-0a0b-4a7e-a0f6-a8e12fb9a77e,2025-03-02 15:11:48,com.android.systemui,16:11,0,2048
e5831d0c-0a0b-4a7e-a0f6-a8e12fb9a77e,2025-03-02 15:12:02,com.reddit.frontpage,"Inbox,Create,Communities,Home,Chat",0,32
e5831d0c-0a0b-4a7e-a0f6-a8e12fb9a77e,2025-03-02 15:12:06,com.reddit.frontpage,1¬†/¬†2,0,2048
e5831d0c-0a0b-4a7e-a0f6-a8e12fb9a77e,2025-03-02 15:12:08,com.reddit.frontpage,Because you've shown interest in a similar community,0,2048
e5831d0c-0a0b-4a7e-a0f6-a8e12fb9a77e,2025-03-02 15:12:16,com.reddit.frontpage,1¬†/¬†4,0,2048
e5831d0c-0a0b-4a7e-a0f6-a8e12fb9a77e,2025-03-02 15:12:18,com.reddit.frontpage,2¬†/¬†2,0,2048
e5831d0c-0a0b-4a7e-a0f6-a8e12fb9a77e,2025-03-02 15:12:20,com.reddit.frontpage,"oh my goodness, it's evolving... üòÇ,2/2,r/malehairadvice,Not nearly worth $20,You offered 8.5 it‚Äôs basically half the price yet they can‚Äôt take it ???? Ffs,r/depoop,r/vinted,1/4",0,2048
e5831d0c-0a0b-4a7e-a0f6-a8e12fb9a77e,2025-03-02 15:20:52,com.android.systemui,"2 /90,bob,16,214 /6,000,20,Edita D≈æubur,Sun, 2 March,Ljubljana,7 /500,11¬∞",0,2048
e5831d0c-0a0b-4a7e-a0f6-a8e12fb9a77e,2025-03-02 15:20:54,com.reddit.frontpage,"oh my goodness, it's evolving... üòÇ,r/malehairadvice,Not nearly worth $20,Join the conversation,r/depoop,r/vinted,You offered 8.5 it‚Äôs basically half the price yet they can‚Äôt take it ???? Ffs",0,2048
e5831d0c-0a0b-4a7e-a0f6-a8e12fb9a77e,2025-03-02 15:21:00,com.android.systemui,Done,0,2048
e5831d0c-0a0b-4a7e-a0f6-a8e12fb9a77e,2025-03-02 15:21:18,com.sec.android.gallery3d,"Recent,View all,13684,Favourites,4094,175,Instagram,5357,Pictures,620,Settings,monocles chat Images,Download,Stories,Albums,Not now,63,To show all your albums on the Albums tab, turn off Select essential albums in Settings.,Camera,Screenshots,Messenger,1109,Essential albums,266",0,2048
e5831d0c-0a0b-4a7e-a0f6-a8e12fb9a77e,2025-03-02 15:21:20,com.sec.android.gallery3d,"Creative,13002 images 689 videos,1,5360,13691,2,Cuts,4096",0,2048
e5831d0c-0a0b-4a7e-a0f6-a8e12fb9a77e,2025-03-02 15:21:22,com.sec.android.gallery3d,Edit,0,2048
e5831d0c-0a0b-4a7e-a0f6-a8e12fb9a77e,2025-03-02 15:21:24,com.sec.android.gallery3d,"20250302_124412.jpg,/Internal storage/DCIM/Camera,View motion photo,Sunday, 2 March 2025„Üç12:44",0,2048
e5831d0c-0a0b-4a7e-a0f6-a8e12fb9a77e,2025-03-02 15:21:26,com.sec.android.gallery3d,"1/100 s,F1.7,Galaxy S24 Ultra,12MP,Motion photo,23mm,ISO 800,0.0ev,6.49 MB,4000x3000,Add tag",0,4096
e5831d0c-0a0b-4a7e-a0f6-a8e12fb9a77e,2025-03-02 15:22:38,com.reddit.frontpage,"Inbox,Create,Communities,Home,Chat",0,32
e5831d0c-0a0b-4a7e-a0f6-a8e12fb9a77e,2025-03-02 15:22:44,com.android.systemui,"Stop,AWARE-Light,monocles chat,Stopped,23 minutes",0,2048
e5831d0c-0a0b-4a7e-a0f6-a8e12fb9a77e,2025-03-02 15:22:48,com.reddit.frontpage,NSFW,0,4096
e5831d0c-0a0b-4a7e-a0f6-a8e12fb9a77e,2025-03-02 15:22:54,com.reddit.frontpage,21,0,2048
e5831d0c-0a0b-4a7e-a0f6-a8e12fb9a77e,2025-03-02 15:23:06,com.reddit.frontpage,"Res je (ne da se mi iskati vira),r/Slovenia,Uraden PDF dokument iz spletne strani NATA, 4. stran https://www.nato.int/nato_static_fl2014/assets/pdf/2024/6/pdf/240617-def-exp-2024-en.pdf,Videl sem v sanjah,16 people are here",0,2048
e5831d0c-0a0b-4a7e-a0f6-a8e12fb9a77e,2025-03-02 15:23:08,com.reddit.frontpage,"‚Ä¢ Res je (ne da se mi iskati vira),Odkar smo v Natu nismo bili niti blizu 2%.,Se kar lepo ≈°lepamo. Ampak da ob temu ≈°e pridiga≈° o neki skupni obrambi itd., namesto da si lepo tiho...za to mora≈° pa biti poseben model :),Okoli 1.5% smo zdaj in bo ≈°lo po 0.1% gor do 2030, potem bomo pa itak mogli doseƒçi ≈°e veƒç glede na trenutno situacijo, prav verjetno je, da bomo mogli plaƒçevati vsaj 3%.,Sem mislil, da je to splo≈°no znano?",0,2048
e5831d0c-0a0b-4a7e-a0f6-a8e12fb9a77e,2025-03-02 15:23:10,org.mozilla.firefox,nato.int,0,32
e5831d0c-0a0b-4a7e-a0f6-a8e12fb9a77e,2025-03-02 15:23:12,org.mozilla.firefox,",according to an agreed definition.,FRA,onal definitions, the figures shown in,2021,The cut,1110 Bruxelles Belgique,definition of NATO defence expenditure and nati,PRT,2017,Fax: 32 2 707,Notes: Data as at 12 June 2024, based on 2015 prices and exchange rates. Figures for 2023 and 2024 are estimates. The NATO Europe and Canada aggregate from 2017 onwards includes Montenegro, which became an Ally on 5 June 2017, and from 2020 onwards, North Macedonia, which became an Ally on 27 March 2020, from 2023 onwards Finland, which became an Ally on 4 April 2023, and from 2024 onwards Sweden, which became an Ally on 7 March 2024.,ITA,45,√©v√©nements pr√©sentant un int√©r√™t pour,Directorate,Check the 'What's New' file.,Notes: Data as at 12 June 2024, based on 2015 prices and exchange rates. Figures for 2023 and 2024 are estimates. The NATO Europe and Canada aggregate from 2017 onwards,Page 15,2.5,240617-def-exp-2024-en.pdf,transcriptions et de photographies destin√©es √† la publication. Elles sont disponibles le plus rapidement possible apr√®s les,4.5,June,B,-,DNK,8,FIN,Graph 2 ‚Äì Number of Allies meeting 2%,expenditure on major equipment as well as o,2022,Page 2,Page 6,0,operation and Development,expenditure as a share of defence expenditure,2019,HUN,Defence expenditure as % of GDP,BGR,Each Ally‚Äôs Ministry of Defence reports current and estimated future defence expenditure,-3-,(OECD).,Nouvelles et information,-2-,SWE,13,equipment. Personnel expenditure includes pensions paid to retirees.,3.0,35,ESP,Median 30.85%,the needs of its armed forces, those of Allies or of the Alliance. In the figures and tables,(20,includes Montenegro, which became an Ally on 5 June 2017, and from 2020 onwards, North Macedonia, which became an Ally on 27 March 2020, from 2023 onwards Finland,,4,30,enditure of NATO Countries,3.5,Page 8,2016,GBR,which became an Ally on 4 April 2023, and from 2024 onwards Sweden, which became an Ally on 7 March 2024.,9.3,CZE,GRC,SVN,Page 10,2024. Figures for 2023,NATO collects defence expenditure data from Allies and,0.0,99,1.5,),23,‚Äì,onwards includes Sweden, which became an Ally on 7 March 2024.,(annual real change, based on 2015 prices and exchange rates),North Atlantic Treaty Organisation,Equipment expenditure includes,Page 5,1.6,4.7,4.0,course of the fiscal year to meet,%,14,2020,2.7,MKD,ROU,by national authorities or given in national budgets.,BEL,6,publishes it on a regular basis.,News and information is routinely placed on the NATO website. This includes audio files, transcripts and high resolution,2015,15,Press & Media,NATO guideline 2%,government that have been or will be made during the,12,ALB,Page 7,7,2.0,mail: press@hq.nato.int,Page 16,-2,Page 4,this report was,18,DEU,Page 14,n research and development devoted to major,Notes: Figures for 2023 and 2024 are estimates. The NATO Europe and Canada aggregate from 2017 onwards includes Montenegro, which became an Ally on 5 June 2017, from,1.3,and 2024,NLD,MNE,(DG ECFIN) and the Organisation for Economic Co,that follow, NATO also uses economic and demographic information available from the,9,LTU,ial Affairs of the European Commission,are estimates.,s sont r√©guli√®rement affich√©es sur le site Web de l'OTAN, sous la forme de fichiers audio, de,4.2,HRV,Page 11,Note: Figures for 2024 are estimates.,2018,this report may considerably diverge from those that are referenced by media, published,Tel.: 32 2 707 50 41,5,2024e,In view of differences between these sources and national GDP forecasts, and also the,LUX,17.9,Median 2.11%,0.5,Page 17,Equipment expenditure as % of defence expenditure,10,3.7,2014,Internet: www.nato.int,0.9,LVA,1.0,Organisation du Trait√© de l‚ÄôAtlantique Nord,-4,NATO guideline 20%,Graph 3 : Defence expenditure as a share of GDP and equipment,Page 12,50,Page 13,55,Notes: Figures for 2023 and 2024 are estimates. The NATO Europe and Canada aggregate from 2017 onwards includes Montenegro, which became an Ally on 5 June 2017, from 2020 onwards includes North Macedonia, which became an Ally on 27 March 2020, from 2023 onwards includes Finland, which became an Ally on 4 April 2023 and from 2024 onwards includes Sweden, which became an Ally on 7 March 2024.,2013,Page 1,25,Graph 1 : NATO Europe and Canada - defence expenditure,2020 onwards includes North Macedonia, which became an Ally on 27 March 2020, from 2023 onwards includes Finland, which became an Ally on 4 April 2023 and from 2024,Cliquer sur ""Quoi de neuf?"",off date for information used in,CAN,Defence Exp,3.6,E,EST,The amounts represent payments by a national,2023e,USA,Page 9,SVK,General for Economic and Financ,T√úR,Presse & M√©dias,les m√©dias.,NOR,POL,Graph 3 : Defence expenditure as a share of GDP and equipment expenditure as a share of defence expenditure,40,Page 3,5.9,2012,3,photographs, which are posted as soon as possible after events of media interest.",0,32
e5831d0c-0a0b-4a7e-a0f6-a8e12fb9a77e,2025-03-02 15:24:12,org.mozilla.firefox,"3.43,8.4,39.1,31.9,14.8,15.7,2.00,Bulgaria,703,Slovak Republic,1.30,2023 (1 Ally) and 2024 (1 Ally).,(based on 2015 prices and exchange rates),Sweden,43.3,North Macedonia,314,2001,2006,Graph 4 : Defence expenditure as a share of GDP (%),34.0,4.12,32.5,2.2,250,on 7 March 2024.,24,3.8,15.6,3.9,2.12,27.8,Luxembourg,Croatia,2.33,2000,23.1,929,2.41,10.5,43.5,32.4,27.2,Germany,640,+ SWE,21.4,7.6,2005,2.10,51.1,32.0,1994,913,2.14,-5-,30.0,225,9.4,28,33.7,3.4,2.18,Italy,18.6,Notes: Figures for 2023 and 2024 are estimates. The NATO Europe and Canada aggregate from 2017 onwards includes Montenegro, which became an Ally on 5 June,999,3.08,699,350,400,1998,47.5,2.22,735,36.6,37.9,Graph 6 : Defence expenditure,375,15.3,Hungary,1990,2023 and from 2024 onwards includes Sweden, which became an Ally on 7 March 2024.,Norway,28.2,50.2,Greece,+ ALB, HRV,2003,43.6,Graph 8 : Main categories of defence expenditure (%),10.9,(billion US dollars, based on 2015 prices and exchange rates),1992,7.7,Slovenia,1.7,France,ROU, SVK, SVN,33.3,322,2.05,47.7,38.0,800,55.9,36.9,Denmark,2004,29.9,1.29,21.9,+ CZE, HUN, POL,-4-,2.06,0.3,704,2.03,+ BGR, EST, LVA, LTU,,23.7,277,9.1,Czechia,47.8,2.11,1996,1,000,21.2,Albania,4.6,(percentage of total defence expenditure),Portugal,2010,2008,38.5,626,755,2.9,North Macedonia, which became an Ally on 27 March 2020, from 2023 onwards includes Finland, which became an Ally on 4 April 2023 and from 2024 onwards includes Sweden, which became an Ally,1.81,12.8,39.6,1,069,43.7,2011,27.3,Notes: Figures for 2023 and 2024 are estimates. Includes enlargements which took place in: 1999 (3 Allies), 2004 (7 Allies), 2009 (2 Allies), 2017 (1 Ally), 2020 (1 Ally), 2023 (1 Ally) and 2024 (1 Ally).,2.02,Notes: Figures for 2023 and 2024 are estimates. Includes enlargements which took place in: 1999 (3 Allies), 2004 (7 Allies), 2009 (2 Allies), 2017 (1 Ally), 2020 (1 Ally),,30.8,29.8,1.49,-8,29.6,1,200,4.8,United States,45.8,2007,1,018,334,660,T√ºrkiye,51.6,2.85,1989,5.2,16.4,36.1,Lithuania,9.5,325,+ MKD,450,35.1,NATO Europe and Canada,36.2,Notes: Figures for 2023 and 2024 are estimates. The NATO Europe and Canada aggregate from 2017 onwards includes Montenegro, which became an Ally on 5 June 2017, from 2020 onwards includes,11.9,Montenegro,2.37,1,185,3.2,29.3,10.7,25.2,7.3,Graph 7 : NATO Europe and Canada - defence expenditure,34.5,35.8,Estonia,2017, from 2020 onwards includes North Macedonia, which became an Ally on 27 March 2020, from 2023 onwards includes Finland, which became an Ally on 4 April,1991,32,Belgium,10.2,1,056,Canada,2.3,Graph 9 : NATO Europe and Canada - major equipment expenditure,365,1,400,41.4,43.2,31.7,49.9,Romania,59.4,26.5,20.6,23.8,15.0,12.9,20.4,Netherlands,28.8,Spain,Finland,2009,35.5,3.15,24.2,275,1995,2.09,29.5,26.1,43.9,2.25,641,Graph 5 : Equipment expenditure as a share of defence expenditure (%),289,57.9,2002,36,58.6,600,38.6,22.1,1997,Poland,910,15.2,300,25.4,1,037,15.8,425,28.4,1.55,United Kingdom,651,430,1.28,34.2,23.0,262,13.6,+ MNE,28.7,Latvia,3.38,896,29.4,21.7,30.3,254,+ FIN,1999,200,904,11.3,2.20,5.8,1.37,1993,-6-",0,2048
e5831d0c-0a0b-4a7e-a0f6-a8e12fb9a77e,2025-03-02 15:24:22,com.reddit.frontpage,"r/AskReddit,r/instacart",0,2048
e5831d0c-0a0b-4a7e-a0f6-a8e12fb9a77e,2025-03-02 15:24:46,com.reddit.frontpage,17 people are here,0,2048
e5831d0c-0a0b-4a7e-a0f6-a8e12fb9a77e,2025-03-02 15:24:48,com.reddit.frontpage,"Res je, plaƒçujemo manj kot 1,5% GDP za obrambo: List_of_countries_in_Europe_by_military_expenditures,Ni pa res da je to ""pay your fair share"" ker se to nikamor ne vplaƒçuje, paƒç pa se s tem financirjo lastne ibrambne sposobnosti.,seveda ≈°e zase od poplav ne moremo uredit pa bodo sedaj ≈°e ukrajino re≈°aval.,Izraƒçun za 100% neodvistnot od USA in da bi EU imela svojo vojsko je 3.5 GDP na vsako ƒçlanico EU do 2035.,Saj ima cisto prav. Slovenija se ze cel cas slepa na racun nata, istocasno imamo pa vojsko ko bolj spominja na invladino organizacijo,Glede na novo realnost bo treba to verjetno poveƒçat, sigurno pa bodo glede na zadnje dogodke ameriƒçani manj od tega imeli, ker EU dr≈æave ne bodo od njih veƒç kupovale oro≈æja.",0,4096
e5831d0c-0a0b-4a7e-a0f6-a8e12fb9a77e,2025-03-02 15:24:50,com.reddit.frontpage,18 people are here,0,2048
e5831d0c-0a0b-4a7e-a0f6-a8e12fb9a77e,2025-03-02 15:24:56,com.reddit.frontpage,19 people are here,0,2048
e5831d0c-0a0b-4a7e-a0f6-a8e12fb9a77e,2025-03-02 15:25:00,com.reddit.frontpage,"Ali je to res? Ali obstajajo kak≈°ni viri, ki to potrjujejo?,53 upvotes,No sem po poplavah pomagal pri ƒçi≈°ƒçenju, in so pri≈°ki vojaki zraven pomagat, 10 njih je manj nardilo v celem dnevu ko pa 2 kolega pa js v pol dneva. Pomoje so prviƒç v ≈æivljenju vidl lopato (glede na to kak so z njo delal),56 comments,Ti pa si poseben a",0,2048
e5831d0c-0a0b-4a7e-a0f6-a8e12fb9a77e,2025-03-02 15:25:06,com.reddit.frontpage,"res je, ja. bi se moral procent popraviti, ko enkrat konƒçno preplaƒçamo patrije.. ampak do 5% manjka ≈°e veliko.",0,4096
e5831d0c-0a0b-4a7e-a0f6-a8e12fb9a77e,2025-03-02 15:25:12,com.reddit.frontpage,Za 5% rabi≈° 50k vojakov.,0,4096
e5831d0c-0a0b-4a7e-a0f6-a8e12fb9a77e,2025-03-02 15:25:14,com.reddit.frontpage,Ali 15 Patrij.,0,2048
e5831d0c-0a0b-4a7e-a0f6-a8e12fb9a77e,2025-03-02 15:25:16,com.reddit.frontpage,Kup patrij. Okoli 100 jih bo za srednji in izvidni≈°ki bataljon. Z 5% BDPja bi morali graditi brigade in ne bataljone. Za to ≈æal ni vojakov.,0,2048
e5831d0c-0a0b-4a7e-a0f6-a8e12fb9a77e,2025-03-02 15:25:18,com.reddit.frontpage,20 people are here,0,2048
e5831d0c-0a0b-4a7e-a0f6-a8e12fb9a77e,2025-03-02 15:25:24,com.reddit.frontpage,"Torej, nas bodo vrgli ven? Ne.,Seveda je res ker levaki nebi niƒç vlagali v vojsko ne glede na to da ma vsaka dr≈æava na svetu nek obrambni sistem,Desnaki bi pa zmetali 3% pa od tega 2% v svoj ≈æep. ƒåe se ≈æe gremo bedno slo politikantstvo..,21 people are here,Je res, nato pa se poslanci dolocene stranke filozofirajo kako ne potrebujemo vojske. Evropa je ze tako ali tako cel arsenal poslala Ukrajini.,‚Ä¢ res je, ja. bi se moral procent popraviti, ko enkrat konƒçno preplaƒçamo patrije.. ampak do 5% manjka ≈°e veliko.,Je kar res, ja.",0,2048
e5831d0c-0a0b-4a7e-a0f6-a8e12fb9a77e,2025-03-02 15:25:26,com.reddit.frontpage,"Ne gre se za politiko v voksko je treba vlagat ƒçe hoƒçe≈° met funlcjonalno obrambo, glede korupcije pa je to svoj problem in ja fer da ga omeni≈°. Je pa zanimivo kak se mi menimo o 1%, 2%, 3%... v jugoslaviji se je dalo pa do 30% za vojsko pa takrat ni nobenga motlo ker paƒç ni korupcije v socjalizmu. Malo za perspektivo kolk malo dobi na≈°a vojska.",0,4096
e5831d0c-0a0b-4a7e-a0f6-a8e12fb9a77e,2025-03-02 15:25:32,com.reddit.frontpage,"Saj to je splosno znano. Vecina clanic nata ne dosega pricakovanih 2%. No razen ZDA, ki za obrambo namenja tam okrog 4. Je pa mogoce zdaj po zacetku vojne v Ukrajini stanje malo boljse, ze dolgo nisem gledal teh podatkov.",0,4096
e5831d0c-0a0b-4a7e-a0f6-a8e12fb9a77e,2025-03-02 15:25:34,com.reddit.frontpage,"Veƒç kot pol ƒçlanic presega 2% (mediana > 2%). Slovenija se z ≈†panijo kosa na zadnjem mestu.,To ni veƒç res. Do decembra 2024 je 23 od 32 ƒçlanic preseglo 2 %. Kar nekaj jih je jmelo veƒç od ZDA - predvsem Poljska, Baltske dr≈æave.,V 2024 je USA namenila cca 3.4%, in ni najveƒç/GDP. Poljska jo preka≈°a, kar ima kinda smisel.,Zdaj samo ≈°e okrog 1/4 ne dosega (8)",0,4096
e5831d0c-0a0b-4a7e-a0f6-a8e12fb9a77e,2025-03-02 15:25:42,com.reddit.frontpage,"Seveda je res, ƒçe pa levica vztraja pri razkroju na≈°e obrambe.,""Bolj≈°e"".",0,2048
e5831d0c-0a0b-4a7e-a0f6-a8e12fb9a77e,2025-03-02 15:25:44,com.reddit.frontpage,"Nihƒçe pa ne pomisli na uboge proizvajalce oro≈æja, posrednike, posrednike med posredniki in politike ki to nakupujejo.... ;(,S slovensko vojsko kot tak≈°no si nimamo kaj veliko pomagat, nas je premalo za kaj resnega. Lahko pa vkinemo vojsko in stro≈°ke vojske namenimo domaƒçim.,Dejmo nakazat 0.71% Ukraincem, ki to dejansko rabijo...,ƒåe je to cilj, pol raje izstopimo iz NATA, ukinemo vojsko in namenimo 1.29% slovencem...,Al pa raje slovencem ki se komaj prebijajo ƒçez mesec?,Kupovanje oro≈æja pomeni manj denarja za ≈°tevilne nepotrebne NVOje in raznorazne agencijeü§°",0,4096
e5831d0c-0a0b-4a7e-a0f6-a8e12fb9a77e,2025-03-02 15:25:50,com.reddit.frontpage,Because you've shown interest in this community,0,2048
e5831d0c-0a0b-4a7e-a0f6-a8e12fb9a77e,2025-03-02 15:25:52,com.reddit.frontpage,"It showed up, in the sealed amazon box, and inside that the graphics card box still had intact security stickers and shrinkwrap. Taking it up with support, but also screaming internally for fear that they'll think I'm the one scamming and won't refund or replace.,i just started selling on depop about a month ago and have sold over 80 items already. almost every buyer i‚Äôve had so far has given me a 5 star review and i just woke up to this and im so angry üò≠üò≠ i just don‚Äôt understand and am not sure how to go about getting it removed or if its even worth it?,r/mildlyinfuriating,r/Depop",0,2048
e5831d0c-0a0b-4a7e-a0f6-a8e12fb9a77e,2025-03-02 15:26:04,com.reddit.frontpage,"Maybe they would have preferred a black or white experience. üòî,‚Ä¢ Thanks for your submission to r/Depop! Make sure you have read this subreddits rules. Any rule breaking content will be removed. Repeated rule breaking will result in a ban. Please ensure your questio,this killed meüò≠,depop wont remove it since its positive, and realistically no buyer will be turned off by the 4-star positive feedback, but it is annoying , and i dont see much harm in asking them if youre really bothered.",0,4096
e5831d0c-0a0b-4a7e-a0f6-a8e12fb9a77e,2025-03-02 15:26:10,com.reddit.frontpage,"511 upvotes,I get it‚Ä¶I‚Äôm new but have sold a lot and have all 5 ‚≠êÔ∏è minus one 4 bc the girl said the size 8 shoes fit a little small and she wish it would have been listed. But I don‚Äôt wear an 8 so I didn‚Äôt know it was small,helpüò≠üò≠,59 comments",0,2048
e5831d0c-0a0b-4a7e-a0f6-a8e12fb9a77e,2025-03-02 15:26:16,com.reddit.frontpage,"r/PhotoshopRequest,Join the conversation,I mean nobody wants to admit they ordered 4 cans of ravioli",0,2048
e5831d0c-0a0b-4a7e-a0f6-a8e12fb9a77e,2025-03-02 15:26:26,com.reddit.frontpage,by collin via GIPHY,0,4096
e5831d0c-0a0b-4a7e-a0f6-a8e12fb9a77e,2025-03-02 15:26:28,com.reddit.frontpage,‚Ä¢ I mean nobody wants to admit they ordered 4 cans of ravioli,0,2048
e5831d0c-0a0b-4a7e-a0f6-a8e12fb9a77e,2025-03-02 15:26:30,com.reddit.frontpage,"‚Ä¢ Now we wait for someone here to post that they received a 4070 instead of 4 cans of beef ravioli,I refuse to support scummy companies like this. I returned them.,I recently bought ram sticks from Klevv and saw this sticker,Shrink wrap and security stickers are pretty easy to fake with a  few bucks, a heat gun, tweezers, skill and patience. I opened a higher-end mobo for my last build when parts were scarce during the pandemic and could immediately tell something was off, but my wife thought I was crazy. Opened it up and, sure enough, it was a completely different model inside. Gotta keep your head on a swivel if you‚Äôre buying from big box stores or online retailers who don‚Äôt bother to confirm returns.,They're definitely fake here the ""security sticker"" says ""warranty void if removed."" As much as Asus would love to do such a thing given their track record with warranty service or lack thereof, it's blatantly illegal so they definitely wouldn't be putting warranty void stickers on the box.",0,2048
e5831d0c-0a0b-4a7e-a0f6-a8e12fb9a77e,2025-03-02 15:27:04,com.reddit.frontpage,"Did you get your money back?,1 more reply,If amazon refuses, you can dispute it with your bank. Most banks will gladly stick their foot up Amazon's ass.,‚Ä¢ Shrink wrap and security stickers are pretty easy to fake with a few bucks, a heat gun, tweezers, skill and patience. I opened a higher-end mobo for my last build when parts were scarce during the pan,This is pretty fresh, but i got in touch with support quickly and have submitted my info and pictures. No clue what to expect,Amazon is pretty good with refunds,And you get 4 free cans of ravioli!,2 more replies,But amazon is generally really good on refunds. I've had packages of 500-800$ go missing, and they refunded it.,Two weeks from now, OP is going to provide an update: ""Opened the ravioli. To my shock and surprise, the parts for my graphics card were inside.""",0,2048
e5831d0c-0a0b-4a7e-a0f6-a8e12fb9a77e,2025-03-02 15:27:08,com.reddit.frontpage,"I wanted to post the gif of Ricky talking about eating 9 cans of ravioli but it's apparently not on Giphy lol,‚Ä¢ Did you get your money back?,via GIPHY,Bubbles does just fine getting the point across.",0,4096
e5831d0c-0a0b-4a7e-a0f6-a8e12fb9a77e,2025-03-02 15:27:10,com.reddit.frontpage,‚Ä¢ I wanted to post the gif of Ricky talking about eating 9 cans of ravioli but it's apparently not on Giphy lol,0,2048
e5831d0c-0a0b-4a7e-a0f6-a8e12fb9a77e,2025-03-02 15:27:14,com.reddit.frontpage,"Its definitely not bait, as my very elevated heart rate will attest to. Seriously regretting not doing an unboxing video, but i was too excited.,If they don‚Äôt believe you just do a return and send in 4 cans of ravioli in the box.,This is why we always record our box openings with expensive tabs X.x,4 cans is 4080 value.  keep winning bro,Hey OP, I found the culprit.,Though bait posts be baiting, this time with chef flavored spegettios,Now now, let‚Äôs think of the positives: you can do four beef ravioli unboxing videos. Who knows what‚Äôs inside? It could even be beef ravioli.",0,2048
e5831d0c-0a0b-4a7e-a0f6-a8e12fb9a77e,2025-03-02 15:27:16,com.reddit.frontpage,"831 comments,Ordered a $1000 graphics card from Amazon, received 4 cans of beef ravioli.,30.0k upvotes",0,2048
e5831d0c-0a0b-4a7e-a0f6-a8e12fb9a77e,2025-03-02 15:27:26,com.reddit.frontpage,"logically, there may be 4 seperate GPU's, 1 inside each can of Ravioli, and together, they would be equal power to a 4070.,This seems like the only logical outcome.",0,2048
e5831d0c-0a0b-4a7e-a0f6-a8e12fb9a77e,2025-03-02 15:27:30,com.reddit.frontpage,"$1000 for a $600 4070 Super? You got scammed on top of being scammed.,Guys youre not gonna believe what amazon gave me for my 4 ravioli,3 more replies,Canadian dollars.,This is the answer. This card is around 1k CAD.,‚Ä¢ This is why we always record our box openings with expensive tabs X.x Though bait posts be baiting, this time with chef flavored spegettios,‚Ä¢ This is why I do not buy shit from Amazon anymore,Order from the manufacture whenever you can.. not bezos.",0,2048
e5831d0c-0a0b-4a7e-a0f6-a8e12fb9a77e,2025-03-02 15:27:34,com.reddit.frontpage,"12gb of vram too, multiple layers of scam.",0,2048
e5831d0c-0a0b-4a7e-a0f6-a8e12fb9a77e,2025-03-02 15:27:44,com.reddit.frontpage,"Doesn't work well in an AI/editable driven world,‚Ä¢ $1000 for a $600 4070 Super? You got scammed on top of being scammed.,I have noticed fraud is becoming pretty common on Amazon.  It's gotten worse than ebay ever  was.,People NEED to record what they're packing if you're sending and NEED to record when unpacking. There is no more secure ways to make sure you're protected. The same as food deliveries too.,I think Ai is going to be the new weapon in the world.,Welp the US Pres just posted an insane AI video so you're prob right",0,2048
e5831d0c-0a0b-4a7e-a0f6-a8e12fb9a77e,2025-03-02 15:27:48,com.reddit.frontpage,"We literally had this exact same thing happen a few months ago, except it was a camera and 3 cans of Chef Boyardee Spaghetti! Camera box was still sealed with the security stickers! ü§¨ Thankfully Amazon (Canada) replaced it without any argument, I was also worried they'd think I was scamming them.,‚Ä¢ People NEED to record what they're packing if you're sending and NEED to record when unpacking. There is no more secure ways to make sure you're protected. The same as food deliveries too.,Currently not supporting Amazon with my dollars anymore, regardless.",0,2048
e5831d0c-0a0b-4a7e-a0f6-a8e12fb9a77e,2025-03-02 15:27:50,com.reddit.frontpage,"5 people are here,And he probably stole the damn pasta too.,I buy in person if possible now for that reason, or order directly from the manufacturer on their website or Best Buy even and pick up and open the package in store if I can,Whoa, so I assume it's the same culprit. You're both canadian, you both ordered electronics or whatever type stuff, and both were replaced with canned pasta. And those are just the similarities at a glance. Way too much of a coincidence. Its the same employee.",0,2048
e5831d0c-0a0b-4a7e-a0f6-a8e12fb9a77e,2025-03-02 15:27:58,com.reddit.frontpage,"Canadian dollars, to be fair.,Extra stiffed?,Shame they aren't eggs, would have been worth it.,$1000 for a 4070 Super is absolutely insane‚Ä¶I paid that for my 4080 Super last month‚Ä¶,‚Ä¢ We literally had this exact same thing happen a few months ago, except it was a camera and 3 cans of Chef Boyardee Spaghetti! Camera box was still sealed with the security stickers! ü§¨ Thankfully Amaz",0,2048
e5831d0c-0a0b-4a7e-a0f6-a8e12fb9a77e,2025-03-02 15:28:06,com.reddit.frontpage,"View More,137 people are here,ROLI Piano M & app are all you need to learn the piano ‚Äî as easy as playing a game.,roli.com",0,2048
e5831d0c-0a0b-4a7e-a0f6-a8e12fb9a77e,2025-03-02 15:28:10,com.reddit.frontpage,"‚Ä¢ Hello u/kevyg973, thanks for posting on /r/PhotoshopRequest! Please be aware of the following: Only engage with editors who comment publicly on your request; Ignore private messages. (For private requ,this has to be the best,Here you go, maybe you like this one.",0,2048
e5831d0c-0a0b-4a7e-a0f6-a8e12fb9a77e,2025-03-02 15:28:12,com.reddit.frontpage,"147 people are here,Thank you ver ymuch. :)",0,32
e5831d0c-0a0b-4a7e-a0f6-a8e12fb9a77e,2025-03-02 15:28:14,com.reddit.frontpage,150 people are here,0,2048
e5831d0c-0a0b-4a7e-a0f6-a8e12fb9a77e,2025-03-02 15:28:16,com.android.systemui,"16:27,bob,edita.dzubur2002@gmail.com,Device control,16:28,AWARE,16:07,Data collection active,We need you to confirm your details ‚ÑπÔ∏è,Sun, 2 Mar,Revolut,Media output,Display brightness",0,2048
e5831d0c-0a0b-4a7e-a0f6-a8e12fb9a77e,2025-03-02 15:28:18,com.reddit.frontpage,156 people are here,0,2048
e5831d0c-0a0b-4a7e-a0f6-a8e12fb9a77e,2025-03-02 15:28:20,com.reddit.frontpage,155 people are here,0,2048
e5831d0c-0a0b-4a7e-a0f6-a8e12fb9a77e,2025-03-02 15:28:26,com.reddit.frontpage,"can anyone isolate the water and make it bluer but still natural looking, for a friends weddings cards,Seriously, this is the best one yet. Water looks natural,Personally think this one is the best for the wedding cards for OP, good job!,506 upvotes,116 comments",0,2048
e5831d0c-0a0b-4a7e-a0f6-a8e12fb9a77e,2025-03-02 15:28:28,com.reddit.frontpage,135 people are here,0,2048
e5831d0c-0a0b-4a7e-a0f6-a8e12fb9a77e,2025-03-02 15:28:30,com.reddit.frontpage,"https://ko-fi.com/florida_art,‚Ä¢ Here you go, maybe you like this one.,I'm showing him all options and no offense to anyone else but I like this one a lot,‚Ä¢ I think I was able to isolate the water, and make it a natural blue. /s Sorry, I had to do it.,I think it was done professionally but just a rough wintery besch day ya know, bad for lighting,Looks like from a professional photo shoot, but still natural. Great work I like this one a lot as well.",0,2048
e5831d0c-0a0b-4a7e-a0f6-a8e12fb9a77e,2025-03-02 15:28:32,com.reddit.frontpage,145 people are here,0,2048
e5831d0c-0a0b-4a7e-a0f6-a8e12fb9a77e,2025-03-02 15:28:40,com.reddit.frontpage,Thanks a lot bro! :),0,4096
e5831d0c-0a0b-4a7e-a0f6-a8e12fb9a77e,2025-03-02 15:28:48,com.reddit.frontpage,"Made the water bluer, brightened the sand with a little color boost, while keeping an overall natural look.,Hey u/kevyg973, hope you like this one!,Let me know what you think!,‚Ä¢ https://ko-fi.com/florida_art,tipjar",0,4096
e5831d0c-0a0b-4a7e-a0f6-a8e12fb9a77e,2025-03-02 15:28:52,com.reddit.frontpage,Here's my try,0,2048
e5831d0c-0a0b-4a7e-a0f6-a8e12fb9a77e,2025-03-02 15:28:54,com.reddit.frontpage,"Inbox,Create,Communities,Home,Chat",0,2048
e5831d0c-0a0b-4a7e-a0f6-a8e12fb9a77e,2025-03-02 15:29:08,com.reddit.frontpage,"in the picture on the left, her shoulders are engaged and her core is drawing up. her fold is deeper because she is working on tilting the hips up in line with her shoulders, where you have your hips behind your shoulders and wrists.,14 people are here,All this plus you're hyperextending your elbows.... You might want to try things that are significantly easier for you so you can get the feel of stopping that over extension,also, she's looking at her hands to keep her spine long, you're looking back at your toes and it's limiting the core enhancement you need to pull your hips up because your head is heavy and you're rounding out your spine.,r/flexibility,r/PeterExplainsTheJoke,r/youtubedrama",0,2048
e5831d0c-0a0b-4a7e-a0f6-a8e12fb9a77e,2025-03-02 15:29:16,com.reddit.frontpage,15 people are here,0,2048
e5831d0c-0a0b-4a7e-a0f6-a8e12fb9a77e,2025-03-02 15:29:22,com.reddit.frontpage,"I suspect you are on the hypermobility spectrum (double jointed/loose ligaments). Typically this population is better served by learning what the 'normal' range of motion of a joint is so that they don't create tension on the ligaments. Once the ligament is stretched you stop the stretch reflex of the muscles... They actually begin to lock up to prevent the ligaments from tearing....,If this sounds like you, it could be worth researching EDS. There are very few people who specialize in helping this community (I have more knowledge than most but not nearly enough to consider myself a specialist). EDS is commonly missed by doctors and PTs but it would mean that you need to modify all of the colloquial advise that circulates regarding strength and flexibility....,You'll also note a difference in the elbow vs palm.  On the left the model has the elbows lined up over the base of the palm. You are pushing the elbows closer to the knuckles and this is creating excessive wrist tension.",0,2048
e5831d0c-0a0b-4a7e-a0f6-a8e12fb9a77e,2025-03-02 15:29:24,com.reddit.frontpage,"Makes sense. I'll add in some excercises focused on shoulders, I might be neglecting them a bit. Thank you.,You are doing a forward fold on your tippy toes. She is doing a hand stand with her toes touching down. You‚Äôll need to carry all your weight in your hands for this. I think you have the flexibility in your hamstrings, just perhaps not the shoulder strength.,YMMV, but I feel like a handstand with legs up, or against a wall, is likely easier to achieve before this variation, as it‚Äôs a lot easier to keep your body in a straight line, than being off center with legs down. Then once you are comfortable in a straight handstand, you can start to play with leg  placements.,‚Ä¢ in the picture on the left, her shoulders are engaged and her core is drawing up. her fold is deeper because she is working on tilting the hips up in line with her shoulders, where you have your hips",0,2048
e5831d0c-0a0b-4a7e-a0f6-a8e12fb9a77e,2025-03-02 15:29:26,com.reddit.frontpage,1¬†/¬†3,0,2048
e5831d0c-0a0b-4a7e-a0f6-a8e12fb9a77e,2025-03-02 15:29:40,com.reddit.frontpage,"Just add this victim to the inevitable future class action EDIT: the bomb call was not yet confirmed, take it with a grain of salt,""Look this guy up"" is pretty clearly a call to action for harassment. There's an argument that Ethan should be held legally liable for the bomb threat.",0,2048
e5831d0c-0a0b-4a7e-a0f6-a8e12fb9a77e,2025-03-02 15:29:42,com.reddit.frontpage,"And the crew just...let him? Pretty disappointing to the ""crew just needs money"" type stuff can feel them giving less of a shit about it all,r/discordapp,38 people are here",0,2048
e5831d0c-0a0b-4a7e-a0f6-a8e12fb9a77e,2025-03-02 15:29:44,com.reddit.frontpage,40 people are here,0,2048
e5831d0c-0a0b-4a7e-a0f6-a8e12fb9a77e,2025-03-02 15:29:46,com.reddit.frontpage,42 people are here,0,2048
e5831d0c-0a0b-4a7e-a0f6-a8e12fb9a77e,2025-03-02 15:29:52,com.reddit.frontpage,They‚Äôve had so long to look for other jobs since this began. The length of time they have stayed after he clearly went off the rails means they are complicit in my eyes. It‚Äôs sad because I really liked some of them.,0,2048
e5831d0c-0a0b-4a7e-a0f6-a8e12fb9a77e,2025-03-02 15:29:54,com.reddit.frontpage,41 people are here,0,2048
e5831d0c-0a0b-4a7e-a0f6-a8e12fb9a77e,2025-03-02 15:30:06,com.reddit.frontpage,"They approve obviously. And if they say they don't, it's too late. Actions > words. They're all sexist racists PoS like their boss.",0,2048
e5831d0c-0a0b-4a7e-a0f6-a8e12fb9a77e,2025-03-02 15:30:12,com.reddit.frontpage,Because you visited this community before,0,2048
e5831d0c-0a0b-4a7e-a0f6-a8e12fb9a77e,2025-03-02 15:30:14,com.reddit.frontpage,"Just to add on to my previous comment, the platform is raised from the surroundings with raised ‚Äúroads‚Äù on either side of it due to H2S gas being very common in drilling operations in Rub Al Khali.,If you follow the dirt road northeast, there is also a little flat area, that‚Äôs likely a water well used for the hydrocarbon well. They use the water to pump mud into the hydrocarbon well as they drill it to prevent blowouts due to high pressure.,I have worked in an exploration well in this part of Saudi, called the Rubi Al Khali desert. It is probably one of the last frontiers of hydrocarbon exploration in the country. The place is very remote.,Usually when they want to drill an exploration Hydrocarbon well, they flatten the area to set up the rig, and housing facilities. After they are done, they take away the entire rig, and leave the well. They either just burry the well, or set up a tap sort of thing if they have made a hydrocarbon discovery.,r/GoogleEarthFinds,Saudi Petroleum Geologist here. This is an abandoned oil rig.,H2S is deadly, and is also denser than air. So usually they have the housing complexes on a raised platform so this deadly gas sinks around it and people do not inhale it and die.,3/3",0,2048
e5831d0c-0a0b-4a7e-a0f6-a8e12fb9a77e,2025-03-02 15:30:16,com.reddit.frontpage,"1/3,finds the hardest pairs and still hates, literal drone,19 people are here,r/TrueReligionJeans",0,2048
e5831d0c-0a0b-4a7e-a0f6-a8e12fb9a77e,2025-03-02 15:30:20,com.reddit.frontpage,1¬†/¬†5,0,2048
e5831d0c-0a0b-4a7e-a0f6-a8e12fb9a77e,2025-03-02 15:30:26,com.reddit.frontpage,54,0,32
e5831d0c-0a0b-4a7e-a0f6-a8e12fb9a77e,2025-03-02 15:30:44,com.reddit.frontpage,2¬†/¬†5,0,2048
e5831d0c-0a0b-4a7e-a0f6-a8e12fb9a77e,2025-03-02 15:31:06,com.reddit.frontpage,3¬†/¬†5,0,2048
e5831d0c-0a0b-4a7e-a0f6-a8e12fb9a77e,2025-03-02 15:31:26,com.reddit.frontpage,4¬†/¬†5,0,2048
e5831d0c-0a0b-4a7e-a0f6-a8e12fb9a77e,2025-03-02 15:31:58,com.reddit.frontpage,5¬†/¬†5,0,2048
e5831d0c-0a0b-4a7e-a0f6-a8e12fb9a77e,2025-03-02 15:32:22,com.reddit.frontpage,"5/5,6 people are here,Two people own one dog and one other person owns the other dog. The dogs howl and poop inside if they are not let out so we end up picking up the slack pretty consistently,Join the conversation,r/vinted,It feels like such a trick to mention this AFTER I purchase and think a free item (likely something I don‚Äôt even want) will make up for it.,r/badroommates,1/2,That would make me so mad. If they want pets, they need to adjust their lives around the needs of those pets. If not, they should re-home them. It‚Äôs a tough spot for you, because I wouldn‚Äôt want those dogs to suffer either, but every time you help it enables them to be bad pet owners.",0,2048
e5831d0c-0a0b-4a7e-a0f6-a8e12fb9a77e,2025-03-02 15:32:32,com.reddit.frontpage,"She told me when she got back ""i knew youd take care of them"",I lived with someone with 2 small dogs. Peed and pooped inside, she didnt get their teeth or nails done. I began feeding them, cleaning up after them (UGH I KNOW üíÄ) walking them!!!!!!!!! I told her the dogs' nails were growing into their pads before she ""noticed"" and took care of it.,Yup agree!,Aaaaand the realisation smacked me. I promptly moved out.,All in all housemate eventually began leaving to see her bf for days at a time didnt tell me just left the dogs. Luckily I kept note and didnt leave on the long weekend like I was planning to see family 3+hrs drive away - those dogs mightve died as she left on tuesday and didnt come back till following thursday?",0,4096
e5831d0c-0a0b-4a7e-a0f6-a8e12fb9a77e,2025-03-02 15:32:42,com.reddit.frontpage,"That‚Äôs terrible, ‚Äògroup effort‚Äô is roping all housemates into caring for the dogs, if the person has a bad knee they shouldn‚Äôt have a dog in a housemate situation because no matter what those dogs aren‚Äôt going to be fully taken care of as much as they should. That‚Äôs just messed up, I‚Äôm so sorry about that, that just isn‚Äôt fair in the slightest. Especially if it‚Äôs affecting the other housemates sleep, I think the housemates who don‚Äôt own the dogs should get together and see if you are all on the same page, and if so, take further action in communicating that having these dogs shouldn‚Äôt be your responsibility and shouldn‚Äôt be here if they‚Äôre needs aren‚Äôt met by their OWN owners. Dogs shouldn‚Äôt cry that much, it‚Äôs genuinely neglectful if the only time they‚Äôre walked is to go to the bathroom, and all other hours of the day they‚Äôre cooped up in a house alone. It‚Äôs unfair to the dogs, and unfair to you op, sorry that this is happening :(,8 people are here",0,2048
e5831d0c-0a0b-4a7e-a0f6-a8e12fb9a77e,2025-03-02 15:32:46,com.reddit.frontpage,7 people are here,0,2048
e5831d0c-0a0b-4a7e-a0f6-a8e12fb9a77e,2025-03-02 15:32:58,com.reddit.frontpage,"This is why I‚Äôm never having roommates again. Roommates with dogs and cats always end up being nightmares. It‚Äôs always the responsibility of the pet owner, period.",0,2048
e5831d0c-0a0b-4a7e-a0f6-a8e12fb9a77e,2025-03-02 15:33:00,com.reddit.frontpage,"yeah, i mean, everyone says what you say, and then you move in with them.,This. Every single time. I feel so bad for so many animals. Never had a roommate with a pet even provide the most basic needs and care for them.,Sadly, there are still way too many who are shitty owners, so I do get what you're saying.,Just have to say, as a cat owner who had plenty of roommates over the years, I've gotten raving reviews of my fluffy fat boy. He's super chill, I spoil the shit out of him, so he's just happy in general. He's never had an accident, & I keep all of his stuff in my room. He's really never naughty, either. He just likes to chill. I still always tell them to lmk if I need to keep him shut in my room for any reason, or that they can put him in my room. I also took over vacuuming the common areas for everyone bc my cats so fluffy. We're not all bad haha...amazing what a difference a happy animal whose owner takes good care of them can make!",0,2048
e5831d0c-0a0b-4a7e-a0f6-a8e12fb9a77e,2025-03-02 15:33:02,com.reddit.frontpage,"40 comments,10 people are here,97 upvotes,Housemates not walking their dogs and leaving them alone for extended periods of time",0,2048
e5831d0c-0a0b-4a7e-a0f6-a8e12fb9a77e,2025-03-02 15:33:04,com.reddit.frontpage,11 people are here,0,2048
e5831d0c-0a0b-4a7e-a0f6-a8e12fb9a77e,2025-03-02 15:33:06,com.reddit.frontpage,1¬†/¬†2,0,2048
e5831d0c-0a0b-4a7e-a0f6-a8e12fb9a77e,2025-03-02 15:33:08,com.reddit.frontpage,12,0,2048
e5831d0c-0a0b-4a7e-a0f6-a8e12fb9a77e,2025-03-02 15:33:12,com.reddit.frontpage,2¬†/¬†2,0,2048
e5831d0c-0a0b-4a7e-a0f6-a8e12fb9a77e,2025-03-02 15:33:16,com.reddit.frontpage,"Used make-up cannot be sold on Vinted (if that's what this is), it is against the ToS for health reasons. You can get in contact with Vinted for this reason.,They should definitely have put this photo in the original listing, not send in a message. They probably think they're covering their ass now by sending you this photo which is not true - listings have to be accurately described in the first place. https://www.vinted.co.uk/help/1090,2/2,I'm not 100% sure what I am looking at here but - some general advice:,If you're not happy with the sale - cancel it (you have one free cancellation where you won't get automatic negative feedback). If it's already on its way and sent to a locker/drop off, you can just not pick up the item and it should be automatically sent back to the seller.",0,2048
e5831d0c-0a0b-4a7e-a0f6-a8e12fb9a77e,2025-03-02 15:33:18,com.reddit.frontpage,5 people are here,0,2048
e5831d0c-0a0b-4a7e-a0f6-a8e12fb9a77e,2025-03-02 15:33:34,com.reddit.frontpage,"I have just won my refund case on Vinted for something that was advertised completely differently to what was sent. I got a refund and got to keep the item. It‚Äôs worth going through the process if you are not happy,I would 100% NOT use someone else's used makeup.",0,2048
e5831d0c-0a0b-4a7e-a0f6-a8e12fb9a77e,2025-03-02 15:33:38,com.reddit.frontpage,Nah this is disgusting ü§¢ it‚Äôs used makeup and that‚Äôs not allowed on vinted you should report and get it cancelled or just cancel it yourself. Putting something random in for ‚Äúfree‚Äù that you did order and do not want doesn‚Äôt make up for this!,0,2048
e5831d0c-0a0b-4a7e-a0f6-a8e12fb9a77e,2025-03-02 15:33:40,com.android.systemui,"16:27,bob,edita.dzubur2002@gmail.com,Device control,AWARE,16:07,Clear,Data collection active,16:33,We need you to confirm your details ‚ÑπÔ∏è,Sun, 2 Mar,Revolut,Media output,Display brightness",0,2048
e5831d0c-0a0b-4a7e-a0f6-a8e12fb9a77e,2025-03-02 15:33:48,com.reddit.frontpage,"I‚Äôve wanted to play all of the Soulsborne games for quite a while now. I‚Äôve played Elden Ring, Dark Souls 3 and Demon Souls all in small amounts with friends. And I‚Äôve thoroughly enjoyed them all.,r/fromsoftware,I‚Äôve just compiled a list in the order I want to play them. I just want to make sure it seems like a good way to play. I‚Äôve heard Sekiro is really hard and the darks souls should played in order. So I incorporated that.",0,2048
e5831d0c-0a0b-4a7e-a0f6-a8e12fb9a77e,2025-03-02 15:33:50,com.reddit.frontpage,"IIRC, Nightrein doesn't necessarily have a story like the rest. It's a spin off that is closer to a co-op boss rush. So you can honestly move that to the bottom or remove it entirely and just play with friends when ya'll have the time.",0,2048
e5831d0c-0a0b-4a7e-a0f6-a8e12fb9a77e,2025-03-02 15:33:52,com.reddit.frontpage,21 people are here,0,2048
e5831d0c-0a0b-4a7e-a0f6-a8e12fb9a77e,2025-03-02 15:33:54,com.reddit.frontpage,"Oh okay! I was under the impression it was more mainline as I‚Äôd not seen much of the promotional content. Just my friend briefly taking about it. Sounds good!!,20 people are here",0,2048
e5831d0c-0a0b-4a7e-a0f6-a8e12fb9a77e,2025-03-02 15:33:58,com.reddit.frontpage,22 people are here,0,2048
e5831d0c-0a0b-4a7e-a0f6-a8e12fb9a77e,2025-03-02 15:34:00,com.reddit.frontpage,23 people are here,0,2048
e5831d0c-0a0b-4a7e-a0f6-a8e12fb9a77e,2025-03-02 15:34:02,com.reddit.frontpage,1¬†/¬†6,0,2048
e5831d0c-0a0b-4a7e-a0f6-a8e12fb9a77e,2025-03-02 15:34:08,com.reddit.frontpage,"I think shes a titan,‚Ä¢ Thank you for your submission, u/HST-Art! - Check out our wiki for useful resources! - Share your artwork, meet other artists, promote your content, and chat in a relaxed environment in our Discord se,r/CURRENCY ‚Ä¢ 5d ‚Ä¢ u/Waltman1313,r/SlovenijaFIRE,3.1k points ‚Ä¢ 251 comments,Pozdravljeni, zanima me ali je kdo tukaj ki dela na banki ksiroma dela kaj podobnega in bi morda vedel kak≈°ne so napovedi za obrestne mere za kredite v Sloveniji? V mislih imam v prihodnjih letih recimo 2027, 2028?,Found this in my cashier drawer 20+ years ago. Thought I‚Äôd was cool. Any ideas on value?,r/drawing,Tried to capture my trainer‚Äôs energy‚Ä¶ drew this just about as unforgivingly as her workouts. Thoughts? Be honest, I can take it (unlike leg day).,r/PokemonMisprints",0,2048
e5831d0c-0a0b-4a7e-a0f6-a8e12fb9a77e,2025-03-02 15:34:16,com.reddit.frontpage,"by Funimation via GIPHY,This is how OPs fitness instructor looks at them now.",0,2048
e5831d0c-0a0b-4a7e-a0f6-a8e12fb9a77e,2025-03-02 15:34:20,com.reddit.frontpage,‚Ä¢ I think shes a titan,0,2048
e5831d0c-0a0b-4a7e-a0f6-a8e12fb9a77e,2025-03-02 15:34:22,com.reddit.frontpage,"Inbox,Create,Communities,Home,Chat",0,2048
e5831d0c-0a0b-4a7e-a0f6-a8e12fb9a77e,2025-03-02 15:34:24,com.reddit.frontpage,Because you've shown interest in a similar community,0,2048
e5831d0c-0a0b-4a7e-a0f6-a8e12fb9a77e,2025-03-02 15:34:30,com.reddit.frontpage,"the rose? more like the piss lol (ik super unfunny (as intended)),first thing i noticed was that the eyes dont seem to match the angry open-mouth expression i think you may be going for. the eyes seem a bit too relaxed. when you open your mouth/scrunch your nose, usually your eyes get squinted and scrunched too. I would define more creasing to the undereyes and the nose bridge to build the tension of a more angry expression. Kinda like so:,r/monsterenergy,r/godot,What I noticed first was the angle of the top teeth. Looks like it belongs to a jaw that‚Äôs facing the viewer head on and doesn‚Äôt fit his face,I LOVE that. Tell me a better way for his mouth to express the derangement of his rage. That‚Äôs among my favorite things about this painting.,r/Artadvice,awesome, appreciate it üôè",0,2048
e5831d0c-0a0b-4a7e-a0f6-a8e12fb9a77e,2025-03-02 15:34:34,com.reddit.frontpage,r/ÔªøArtadvice,0,2048
e5831d0c-0a0b-4a7e-a0f6-a8e12fb9a77e,2025-03-02 15:34:36,com.reddit.frontpage,"Send a message,Comment Karma,I do art n stuff üëç,TROPHIES,About,One-Year Club,Posts,13 achievements,21,3,163,Post Karma,Start Chat,Jay,Comments,u/Grey_General",0,2048
e5831d0c-0a0b-4a7e-a0f6-a8e12fb9a77e,2025-03-02 15:34:38,com.reddit.frontpage,"Active in these communities,r/SkyChildrenOfLight ‚Ä¢ 1y ‚Ä¢ 1,61.2k members,I haven't drawn kids very much, so this was a fun challenge. Hope you all are doing well :),great thank you, i‚Äôve been struggling with the eyes a lot,thanks for the advice :),r/arthelp ‚Ä¢ 18h ‚Ä¢ 3,655k members,What needs to be changed here? Due tomorrow,This guy. Kinda a dick but he‚Äôs had it rough :,),Opinions,Gimme your oc and I‚Äôll give them something! (Anything),Looking for light buddies :D,r/SkyGame ‚Ä¢ 1y ‚Ä¢ 3,I‚Äôm down, if you need a heart buddy I‚Äôm also down for that,r/SkyChildrenOfLight ‚Ä¢ 1y ‚Ä¢ 2,‚Ä¢ 4mo ‚Ä¢ 3,51.4k members,r/SkyGame,r/DigitalArt ‚Ä¢ 1y ‚Ä¢ 1,I'm on mobile so idk if it'll work, but I'm down. Name is James,Could use a bit of texture and a darker shadow, but very nice,Gimmi your oc and I'll put an image depending on how strong your o. Looks :33,r/arthelp ‚Ä¢ 18h ‚Ä¢ 1,Not getting hearts from messages?,r/DigitalArt,r/Artadvice ‚Ä¢ 19h ‚Ä¢ 6,r/Artadvice ‚Ä¢ 19h ‚Ä¢ 5,improving on it rn, thank you :),What needs to be changed here? Looks a little off. Due tomorrow,‚Ä¢ 1y ‚Ä¢ 2,‚Ä¢ 1y ‚Ä¢ 1,r/SkyChildrenOfLight,Augustus (he may have a knife),Bro idk if you‚Äôre still reading these comments but you lowkey look like harvey from suits,r/OriginalCharacter ‚Ä¢ 1y ‚Ä¢ 1,Some sky art I made for my friend‚Äôs birthday :),looking for light buddies ‚ô°,[deleted by user],NEW POSTS,Ah thank you,Thank you! And nah, I usually only post on here",0,2048
e5831d0c-0a0b-4a7e-a0f6-a8e12fb9a77e,2025-03-02 15:34:42,com.reddit.frontpage,51.8k members,0,2048
e5831d0c-0a0b-4a7e-a0f6-a8e12fb9a77e,2025-03-02 15:34:48,com.android.systemui,"2 /90,214 /6,000,Ljubljana,7 /500,11¬∞",0,32
e5831d0c-0a0b-4a7e-a0f6-a8e12fb9a77e,2025-03-02 15:36:30,com.android.systemui,"Edita D≈æubur,36,Sun, 2 March,16",0,2048
